project_id,deployment_id,placename,longitude,latitude,start_date,end_date,bait_type,bait_description,feature_type,feature_type_methodology,camera_id,camera_name,quiet_period,camera_functioning,sensor_height,height_other,sensor_orientation,orientation_other,plot_treatment,plot_treatment_description,detection_distance,subproject_name,subproject_design,event_name,event_description,event_type,recorded_by,days,colours,nearestCam_dist_m,over100
megasurvey,MS#31,MS#31,-83.328693,8.701276,2019-12-27,2020-05-16,None,NA,NA,NA,SALED2-A,MS#31,NA,needs extracting ,NA,NA,NA,NA,NA,NA,NA,NA,NA,NA,NA,NA,NA,141,#1AE4B6FF,0,No
megasurvey,MS#3,MS#3,-83.32932,8.40959,2019-12-30,2020-08-06,None,NA,NA,NA,E02,MS#3,NA,needs extracting ,NA,NA,NA,NA,NA,NA,NA,NA,NA,NA,NA,NA,NA,220,#1AE4B6FF,6.964578935,No
megasurvey,MS#54,Banadero-Planes,-83.626252,8.635526,2020-03-15,2020-06-06,None,NA,NA,NA,NA,MS#54,NA,extracted,NA,NA,NA,NA,NA,NA,NA,NA,NA,NA,NA,NA,NA,83,#1AE4B6FF,17.67389569,No
megasurvey,MS#92,MS#92,-83.3931,8.77077,2020-01-15,2020-05-04,None,NA,NA,NA,MS#92S,MS#92,NA,needs extracting ,NA,NA,NA,NA,NA,NA,NA,NA,NA,NA,NA,NA,NA,110,#1AE4B6FF,36.10372978,No
megasurvey,MS#21,MS#21,-83.48104,8.468192,2020-03-11,2020-05-27,None,NA,NA,NA,MS#21S,MS#21,NA,needs extracting ,NA,NA,NA,NA,NA,NA,NA,NA,NA,NA,NA,NA,NA,77,#1AE4B6FF,1430.12159,Yes
megasurvey,MS#20,MS#20,-83.47005,8.461318,2020-03-16,2020-05-16,None,NA,NA,NA,MS#20S,MS#20,NA,needs extracting ,NA,NA,NA,NA,NA,NA,NA,NA,NA,NA,NA,NA,NA,61,#1AE4B6FF,693.688784,Yes
megasurvey,MS#2,MS#2,-83.33003,8.4068,2019-12-30,2020-04-19,None,NA,NA,NA,E01,MS#2,NA,needs extracting ,NA,NA,NA,NA,NA,NA,NA,NA,NA,NA,NA,NA,NA,111,#1AE4B6FF,316.2003594,Yes
megasurvey,MS#1,MS#1,-83.31727,8.42346,2020-02-04,2020-04-17,None,NA,NA,NA,MS1S,MS#1,NA,needs extracting ,NA,NA,NA,NA,NA,NA,NA,NA,NA,NA,NA,NA,NA,73,#1AE4B6FF,535.603681,Yes
megasurvey,MS#5,MS#5,-83.34209,8.42644,2020-01-23,2020-05-31,None,NA,NA,NA,MS#5S,MS#5,NA,needs extracting ,NA,NA,NA,NA,NA,NA,NA,NA,NA,NA,NA,NA,NA,129,#1AE4B6FF,296.9066901,Yes
megasurvey,MS#108,MS#108,-83.22795,8.721409,2020-03-17,2020-07-11,None,NA,NA,NA,PBNP#6,MS#108,NA,needs extracting ,NA,NA,NA,NA,NA,NA,NA,NA,NA,NA,NA,NA,NA,116,#1AE4B6FF,2178.775434,Yes
megasurvey,MS#6,MS#6,-83.35387,8.433,2020-01-29,2020-06-17,None,NA,NA,NA,MS#6S,MS#6,NA,needs extracting ,NA,NA,NA,NA,NA,NA,NA,NA,NA,NA,NA,NA,NA,140,#1AE4B6FF,1052.904485,Yes
megasurvey,MS#10,MS#10,-83.40203,8.43491,2020-01-28,2020-04-24,None,NA,NA,NA,MS#10S,MS#10,NA,needs extracting ,NA,NA,NA,NA,NA,NA,NA,NA,NA,NA,NA,NA,NA,87,#1AE4B6FF,1992.796781,Yes
megasurvey,MS#7,MS#7,-83.36306,8.43565,2020-01-28,2020-06-17,None,NA,NA,NA,MS#7S,MS#7,NA,needs extracting ,NA,NA,NA,NA,NA,NA,NA,NA,NA,NA,NA,NA,NA,141,#1AE4B6FF,799.1519316,Yes
megasurvey,MS#8,MS#8,-83.36976,8.43843,2020-01-28,2020-05-13,None,NA,NA,NA,MS#8S,MS#8,NA,needs extracting ,NA,NA,NA,NA,NA,NA,NA,NA,NA,NA,NA,NA,NA,106,#1AE4B6FF,799.1519316,Yes
megasurvey,MS#15,MS#15,-83.4382,8.4392,2020-03-05,2020-06-24,None,NA,NA,NA,FT3,MS#15,NA,needs extracting ,NA,NA,NA,NA,NA,NA,NA,NA,NA,NA,NA,NA,NA,111,#1AE4B6FF,1153.199306,Yes
megasurvey,MS#16,MS#16,-83.4469,8.44832,2020-03-05,2020-05-18,None,NA,NA,NA,FT2,MS#16,NA,needs extracting ,NA,NA,NA,NA,NA,NA,NA,NA,NA,NA,NA,NA,NA,74,#1AE4B6FF,1165.595803,Yes
megasurvey,MS#12,MS#12,-83.40638,8.45369,2020-01-31,2020-05-16,None,NA,NA,NA,MS#12S,MS#12,NA,needs extracting ,NA,NA,NA,NA,NA,NA,NA,NA,NA,NA,NA,NA,NA,106,#1AE4B6FF,1518.823956,Yes
megasurvey,MS#59,Termo,-83.514239,8.455576,2020-02-13,2020-05-21,None,NA,NA,NA,NA,MS#59,NA,extracted,NA,NA,NA,NA,NA,NA,NA,NA,NA,NA,NA,NA,NA,98,#1AE4B6FF,931.0561424,Yes
megasurvey,MS#18,MS#18,-83.45951,8.45752,2020-02-29,2020-04-17,None,NA,NA,NA,MS#18S,MS#18,NA,needs extracting ,NA,NA,NA,NA,NA,NA,NA,NA,NA,NA,NA,NA,NA,48,#1AE4B6FF,589.6831904,Yes
megasurvey,MS#19,MS#19,-83.46377,8.46074,2020-03-10,2020-08-05,None,NA,NA,NA,MS#19S,MS#19,NA,needs extracting ,NA,NA,NA,NA,NA,NA,NA,NA,NA,NA,NA,NA,NA,148,#1AE4B6FF,589.6831904,Yes
megasurvey,MS#53,Ollas,-83.573503,8.491815,2020-03-22,2020-06-28,None,NA,NA,NA,NA,MS#53,NA,extracted,NA,NA,NA,NA,NA,NA,NA,NA,NA,NA,NA,NA,NA,98,#1AE4B6FF,2175.890776,Yes
megasurvey,MS#61,OWA,-83.604949,8.508287,2020-03-22,2020-06-04,None,NA,NA,NA,NA,MS#61,NA,extracted,NA,NA,NA,NA,NA,NA,NA,NA,NA,NA,NA,NA,NA,74,#1AE4B6FF,707.117297,Yes
megasurvey,MS#23,MS#23,-83.3933,8.54696,2020-01-22,2020-07-03,None,NA,NA,NA,AGJ#2,MS#23,NA,needs extracting ,NA,NA,NA,NA,NA,NA,NA,NA,NA,NA,NA,NA,NA,163,#1AE4B6FF,363.9726243,Yes
megasurvey,MS#24,MS#24,-83.39002,8.5474,2020-01-22,2020-05-08,None,NA,NA,NA,AGJ#3,MS#24,NA,needs extracting ,NA,NA,NA,NA,NA,NA,NA,NA,NA,NA,NA,NA,NA,107,#1AE4B6FF,363.9726243,Yes
megasurvey,MS#26,MS#26,-83.39209,8.55452,2020-01-22,2020-05-20,None,NA,NA,NA,AGJ#5,MS#26,NA,needs extracting ,NA,NA,NA,NA,NA,NA,NA,NA,NA,NA,NA,NA,NA,119,#1AE4B6FF,175.2630633,Yes
megasurvey,MS#22,MS#22,-83.3935,8.555255,2020-01-22,2020-07-03,None,NA,NA,NA,AGJ#1,MS#22,NA,needs extracting ,NA,NA,NA,NA,NA,NA,NA,NA,NA,NA,NA,NA,NA,163,#1AE4B6FF,175.2630633,Yes
megasurvey,MS#56,Cabecera Rio Pavon,-83.528822,8.575893,2020-03-20,2020-05-15,None,NA,NA,NA,NA,MS#56,NA,extracted,NA,NA,NA,NA,NA,NA,NA,NA,NA,NA,NA,NA,NA,56,#1AE4B6FF,271.9858853,Yes
megasurvey,MS#58,Ticho-Planes,-83.677807,8.624586,2019-02-05,2019-04-06,None,NA,NA,NA,NA,MS#58,NA,extracted,NA,NA,NA,NA,NA,NA,NA,NA,NA,NA,NA,NA,NA,60,#1AE4B6FF,460.4672265,Yes
megasurvey,MS#33,MS#33,-83.25307,8.66018,2019-12-17,2020-08-10,None,NA,NA,NA,GDR CAM1 REAL,MS#33,NA,needs extracting ,NA,NA,NA,NA,NA,NA,NA,NA,NA,NA,NA,NA,NA,237,#1AE4B6FF,286.6207075,Yes
megasurvey,MS#34,MS#34,-83.25153,8.66226,2019-12-17,2020-08-08,None,NA,NA,NA,GDR CAM2 REAL,MS#34,NA,needs extracting ,NA,NA,NA,NA,NA,NA,NA,NA,NA,NA,NA,NA,NA,235,#1AE4B6FF,286.6207075,Yes
megasurvey,MS#106,MS#106,-83.23616,8.66311,2020-01-24,2020-07-09,None,NA,NA,NA,PBNP#2S,MS#106,NA,needs extracting ,NA,NA,NA,NA,NA,NA,NA,NA,NA,NA,NA,NA,NA,167,#1AE4B6FF,1120.679422,Yes
megasurvey,MS#36,MS#36,-83.25293,8.66471,2019-12-17,2020-06-11,None,NA,NA,NA,GDR CAM4 REAL,MS#36,NA,needs extracting ,NA,NA,NA,NA,NA,NA,NA,NA,NA,NA,NA,NA,NA,177,#1AE4B6FF,312.8917982,Yes
megasurvey,MS#39,MS#39,-83.27921,8.67,2020-01-20,2020-03-27,None,NA,NA,NA,NL#3 station,MS#39,NA,needs extracting ,NA,NA,NA,NA,NA,NA,NA,NA,NA,NA,NA,NA,NA,67,#1AE4B6FF,2948.113821,Yes
megasurvey,MS#105,MS#105,-83.23354,8.67285,2020-01-24,2020-07-09,None,NA,NA,NA,PBNP#1S ,MS#105,NA,needs extracting ,NA,NA,NA,NA,NA,NA,NA,NA,NA,NA,NA,NA,NA,167,#1AE4B6FF,1120.679422,Yes
megasurvey,MS#65,MS#65,-83.65799,8.67807,2020-03-14,2020-04-16,None,NA,NA,NA,MS#65S,MS#65,NA,needs extracting ,NA,NA,NA,NA,NA,NA,NA,NA,NA,NA,NA,NA,NA,33,#1AE4B6FF,1875.298336,Yes
megasurvey,MS#73,MS#73,-83.55999,8.69149,2020-01-18,2020-03-04,None,NA,NA,NA,MS#73S,MS#73,NA,needs extracting ,NA,NA,NA,NA,NA,NA,NA,NA,NA,NA,NA,NA,NA,46,#1AE4B6FF,1189.54748,Yes
megasurvey,MS#111,MS#111,-83.22692,8.69209,2020-01-25,2020-07-06,None,NA,NA,NA,PBNP#3S,MS#111 ,NA,needs extracting ,NA,NA,NA,NA,NA,NA,NA,NA,NA,NA,NA,NA,NA,163,#1AE4B6FF,1117.350965,Yes
megasurvey,MS#72,MS#72,-83.59589,8.69441,2020-02-01,2020-05-20,None,NA,NA,NA,MS72S,MS#72 ,NA,needs extracting ,NA,NA,NA,NA,NA,NA,NA,NA,NA,NA,NA,NA,NA,109,#1AE4B6FF,1032.620394,Yes
megasurvey,MS#66,MS#66,-83.63939,8.69599,2020-02-03,2020-03-13,None,NA,NA,NA,MS#66S,MS#66,NA,needs extracting ,NA,NA,NA,NA,NA,NA,NA,NA,NA,NA,NA,NA,NA,39,#1AE4B6FF,1146.051433,Yes
megasurvey,MS#69,MS#69,-83.6046,8.69789,2020-02-03,2020-05-20,None,NA,NA,NA,MS#69S,MS#69,NA,needs extracting ,NA,NA,NA,NA,NA,NA,NA,NA,NA,NA,NA,NA,NA,107,#1AE4B6FF,1032.620394,Yes
megasurvey,MS#113,MS#113,-83.20179,8.69879,2020-01-26,2020-04-25,None,NA,NA,NA,MS#113,MS#113,NA,needs extracting ,NA,NA,NA,NA,NA,NA,NA,NA,NA,NA,NA,NA,NA,90,#1AE4B6FF,1018.027706,Yes
megasurvey,MS#75,MS#75,-83.52806,8.70026,2020-01-31,2020-11-05,None,NA,NA,NA,MS75S,MS#75,NA,needs extracting ,NA,NA,NA,NA,NA,NA,NA,NA,NA,NA,NA,NA,NA,279,#1AE4B6FF,1202.565826,Yes
megasurvey,MS#74,MS#74,-83.55534,8.70115,2020-02-01,2020-05-04,None,NA,NA,NA,MS#74S,MS#74,NA,needs extracting ,NA,NA,NA,NA,NA,NA,NA,NA,NA,NA,NA,NA,NA,93,#1AE4B6FF,1189.54748,Yes
megasurvey,MS#110,MS#110,-83.23077,8.70139,2020-01-25,2020-06-04,None,NA,NA,NA,PB#7S ,MS#110,NA,needs extracting ,NA,NA,NA,NA,NA,NA,NA,NA,NA,NA,NA,NA,NA,131,#1AE4B6FF,1117.350965,Yes
megasurvey,MS#112,MS#112,-83.21331,8.70146,2020-02-11,2020-05-29,None,NA,NA,NA,MS112S,MS#112,NA,needs extracting ,NA,NA,NA,NA,NA,NA,NA,NA,NA,NA,NA,NA,NA,108,#1AE4B6FF,695.0611847,Yes
megasurvey,MS#114,MS#114,-83.18734,8.70311,2020-02-11,2020-05-06,None,NA,NA,NA,MS114S,MS#114,NA,needs extracting ,NA,NA,NA,NA,NA,NA,NA,NA,NA,NA,NA,NA,NA,85,#1AE4B6FF,1659.329357,Yes
megasurvey,MS#122,MS#122,-83.1159,8.706,2020-02-13,2020-05-29,None,NA,NA,NA,MS122S,MS#122,NA,needs extracting ,NA,NA,NA,NA,NA,NA,NA,NA,NA,NA,NA,NA,NA,106,#1AE4B6FF,639.8755465,Yes
megasurvey,MS#121,MS#121,-83.12563,8.70943,2020-02-11,2020-12-11,None,NA,NA,NA,MS121S,MS#121,NA,needs extracting ,NA,NA,NA,NA,NA,NA,NA,NA,NA,NA,NA,NA,NA,304,#1AE4B6FF,297.0337486,Yes
megasurvey,MS#76,MS#76,-83.53327,8.70977,2020-01-14,2020-05-21,None,NA,NA,NA,MS#76S,MS#76,NA,needs extracting ,NA,NA,NA,NA,NA,NA,NA,NA,NA,NA,NA,NA,NA,128,#1AE4B6FF,1202.565826,Yes
megasurvey,MS#77,MS#77,-83.52209,8.71335,2020-02-03,2020-05-21,None,NA,NA,NA,MS#77S,MS#77,NA,needs extracting ,NA,NA,NA,NA,NA,NA,NA,NA,NA,NA,NA,NA,NA,108,#1AE4B6FF,1291.69012,Yes
megasurvey,MS#116,MS#116,-83.17464,8.71464,2020-01-26,2020-05-20,None,NA,NA,NA,MS#116S,MS#116,NA,needs extracting ,NA,NA,NA,NA,NA,NA,NA,NA,NA,NA,NA,NA,NA,115,#1AE4B6FF,830.1347033,Yes
megasurvey,MS#118,MS#118,-83.14806,8.71539,2020-02-11,2020-05-29,None,NA,NA,NA,MS118S,MS#118,NA,needs extracting ,NA,NA,NA,NA,NA,NA,NA,NA,NA,NA,NA,NA,NA,108,#1AE4B6FF,924.4353034,Yes
megasurvey,MS#120,MS#120,-83.12357,8.71787,2020-02-12,2020-05-19,None,NA,NA,NA,MS120S,MS#120,NA,needs extracting ,NA,NA,NA,NA,NA,NA,NA,NA,NA,NA,NA,NA,NA,97,#1AE4B6FF,592.6423082,Yes
megasurvey,MS#125,MS#125,-83.05349,8.72036,2020-02-12,2020-05-26,None,NA,NA,NA,MS125S,MS#125,NA,needs extracting ,NA,NA,NA,NA,NA,NA,NA,NA,NA,NA,NA,NA,NA,104,#1AE4B6FF,2030.265711,Yes
megasurvey,MS#119,MS#119,-83.12989,8.72495,2020-02-12,2020-05-29,None,NA,NA,NA,MS119,MS#119,NA,needs extracting ,NA,NA,NA,NA,NA,NA,NA,NA,NA,NA,NA,NA,NA,107,#1AE4B6FF,1049.898797,Yes
megasurvey,MS#126,MS#126,-83.04015,8.73299,2020-02-10,2020-03-31,None,NA,NA,NA,MS126S,MS#126,NA,needs extracting ,NA,NA,NA,NA,NA,NA,NA,NA,NA,NA,NA,NA,NA,50,#1AE4B6FF,1112.321669,Yes
megasurvey,MS#90,MS#90,-83.41586,8.73361,2020-01-16,2020-05-08,None,NA,NA,NA,MS#90S,MS#90,NA,needs extracting ,NA,NA,NA,NA,NA,NA,NA,NA,NA,NA,NA,NA,NA,113,#1AE4B6FF,1648.638676,Yes
megasurvey,MS#80,MS#80,-83.50209,8.73871,2020-01-14,2020-05-05,None,NA,NA,NA,MS#80S,MS#80,NA,needs extracting ,NA,NA,NA,NA,NA,NA,NA,NA,NA,NA,NA,NA,NA,112,#1AE4B6FF,478.0381646,Yes
megasurvey,MS#88,MS#88,-83.43476,8.74449,2020-01-16,2020-05-21,None,NA,NA,NA,MS#88S,MS#88,NA,needs extracting ,NA,NA,NA,NA,NA,NA,NA,NA,NA,NA,NA,NA,NA,126,#1AE4B6FF,378.6992746,Yes
megasurvey,MS#87,MS#87,-83.44896,8.74683,2020-01-16,2020-05-21,None,NA,NA,NA,MS#87S,MS#87,NA,needs extracting ,NA,NA,NA,NA,NA,NA,NA,NA,NA,NA,NA,NA,NA,126,#1AE4B6FF,1582.154042,Yes
megasurvey,MS#95,MS#95,-83.36516,8.74871,2020-01-15,2020-08-20,None,NA,NA,NA,MS#95S,MS#95,NA,needs extracting ,NA,NA,NA,NA,NA,NA,NA,NA,NA,NA,NA,NA,NA,218,#1AE4B6FF,782.2079211,Yes
megasurvey,MS#100,MS#100,-83.30445,8.75049,2020-01-15,2020-02-15,None,NA,NA,NA,MS#100S,MS#100,NA,needs extracting ,NA,NA,NA,NA,NA,NA,NA,NA,NA,NA,NA,NA,NA,31,#1AE4B6FF,625.5547387,Yes
megasurvey,MS#85,MS#85,-83.46655,8.75066,2020-02-10,2020-04-11,None,NA,NA,NA,MS85S,MS#85,NA,needs extracting ,NA,NA,NA,NA,NA,NA,NA,NA,NA,NA,NA,NA,NA,61,#1AE4B6FF,978.4740568,Yes
megasurvey,MS#82,MS#82,-83.5118,8.75626,2020-01-16,2020-04-19,None,NA,NA,NA,MS82S,MS#82,NA,needs extracting ,NA,NA,NA,NA,NA,NA,NA,NA,NA,NA,NA,NA,NA,94,#1AE4B6FF,2109.792177,Yes
megasurvey,MS#84,MS#84,-83.47231,8.75737,2020-01-16,2020-03-29,None,NA,NA,NA,MS84S,MS#84,NA,needs extracting ,NA,NA,NA,NA,NA,NA,NA,NA,NA,NA,NA,NA,NA,73,#1AE4B6FF,978.4740568,Yes
megasurvey,MS#128,MS#128,-83.04784,8.75898,2020-02-10,2020-03-16,None,NA,NA,NA,MS#128S,MS#128,NA,needs extracting ,NA,NA,NA,NA,NA,NA,NA,NA,NA,NA,NA,NA,NA,35,#1AE4B6FF,706.725668,Yes
megasurvey,MS#94,MS#94,-83.37432,8.75967,2020-01-15,2020-05-08,None,NA,NA,NA,MS#94S,MS#94,NA,needs extracting ,NA,NA,NA,NA,NA,NA,NA,NA,NA,NA,NA,NA,NA,114,#1AE4B6FF,1100.74227,Yes
megasurvey,MS#93,MS#93,-83.3873,8.76427,2020-01-15,2020-05-04,None,NA,NA,NA,MS#93S,MS#93,NA,needs extracting ,NA,NA,NA,NA,NA,NA,NA,NA,NA,NA,NA,NA,NA,110,#1AE4B6FF,946.048949,Yes
megasurvey,MS#129,MS#129,-83.0387,8.76519,2020-02-08,2032-09-04,None,NA,NA,NA,MS#129S,MS#129,NA,needs extracting ,NA,NA,NA,NA,NA,NA,NA,NA,NA,NA,NA,NA,NA,4592,#1AE4B6FF,575.2768691,Yes
megasurvey,MS#101,MS#101,-83.29865,8.76628,2020-01-15,2020-05-09,None,NA,NA,NA,MS#101S,MS#101,NA,needs extracting ,NA,NA,NA,NA,NA,NA,NA,NA,NA,NA,NA,NA,NA,115,#1AE4B6FF,148.5779357,Yes
megasurvey,MS#91,MS#91,-83.3984,8.76631,2020-01-16,2020-05-04,None,NA,NA,NA,MS#91S,MS#91,NA,needs extracting ,NA,NA,NA,NA,NA,NA,NA,NA,NA,NA,NA,NA,NA,109,#1AE4B6FF,764.9771904,Yes
megasurvey,MS#131,MS#131,-83.00517,8.78153,2020-01-25,2020-05-02,None,NA,NA,NA,MS131S,MS#131,NA,needs extracting ,NA,NA,NA,NA,NA,NA,NA,NA,NA,NA,NA,NA,NA,98,#1AE4B6FF,446.1129581,Yes
megasurvey,MS#132,MS#132,-83.01141,8.78285,2020-01-25,2020-03-07,None,NA,NA,NA,MS132S,MS#132,NA,needs extracting ,NA,NA,NA,NA,NA,NA,NA,NA,NA,NA,NA,NA,NA,42,#1AE4B6FF,463.7736354,Yes
megasurvey,MS#135,MS#135,-82.98834,8.78463,2020-01-25,2020-05-26,None,NA,NA,NA,MS135S,MS#135,NA,needs extracting ,NA,NA,NA,NA,NA,NA,NA,NA,NA,NA,NA,NA,NA,122,#1AE4B6FF,757.4530031,Yes
megasurvey,MS#138,MS#138,-82.96161,8.784631,2020-01-25,2020-03-07,None,NA,NA,NA,MS139S,MS#138,NA,needs extracting ,NA,NA,NA,NA,NA,NA,NA,NA,NA,NA,NA,NA,NA,42,#1AE4B6FF,994.5326401,Yes
megasurvey,MS#137,MS#137,-82.97069,8.78578,2020-01-25,2020-04-30,None,NA,NA,NA,MS138S,MS#137,NA,needs extracting ,NA,NA,NA,NA,NA,NA,NA,NA,NA,NA,NA,NA,NA,96,#1AE4B6FF,1005.952541,Yes
megasurvey,MS#134,MS#134,-82.99738,8.78762,2020-02-08,2020-05-10,None,NA,NA,NA,MS#134S,MS#134,NA,needs extracting ,NA,NA,NA,NA,NA,NA,NA,NA,NA,NA,NA,NA,NA,92,#1AE4B6FF,251.5787266,Yes
megasurvey,MS#133,MS#133,-83.00631,8.78909,2020-01-25,2020-05-26,None,NA,NA,NA,MS133S,MS#133,NA,needs extracting ,NA,NA,NA,NA,NA,NA,NA,NA,NA,NA,NA,NA,NA,122,#1AE4B6FF,361.492961,Yes
megasurvey,MS#140,MS#140,-82.95601,8.79757,2020-01-27,2020-04-04,None,NA,NA,NA,MS141S,MS#140,NA,needs extracting ,NA,NA,NA,NA,NA,NA,NA,NA,NA,NA,NA,NA,NA,68,#1AE4B6FF,263.7874675,Yes
megasurvey,MS#143,MS#143,-82.965026,8.82139,2020-02-08,2020-05-28,None,NA,NA,NA,MS143S,MS#143,NA,needs extracting ,NA,NA,NA,NA,NA,NA,NA,NA,NA,NA,NA,NA,NA,110,#1AE4B6FF,1658.090724,Yes
megasurvey,MS#144,MS#144,-82.96345,8.83622,2020-02-08,2020-05-28,None,NA,NA,NA,MS144S,MS#144,NA,needs extracting ,NA,NA,NA,NA,NA,NA,NA,NA,NA,NA,NA,NA,NA,110,#1AE4B6FF,1658.090724,Yes
megasurvey,MS#145,MS#145,-82.96635,8.85725,2020-02-09,2020-04-06,None,NA,NA,NA,MS145s,MS#145,NA,needs extracting ,NA,NA,NA,NA,NA,NA,NA,NA,NA,NA,NA,NA,NA,57,#1AE4B6FF,2331.440757,Yes
megasurvey,MS#147,MS#147,-82.95525,8.87512,2020-02-08,2020-05-27,None,NA,NA,NA,MS147S,MS#147,NA,needs extracting ,NA,NA,NA,NA,NA,NA,NA,NA,NA,NA,NA,NA,NA,109,#1AE4B6FF,1405.220302,Yes
megasurvey,MS#148,MS#148,-82.96664,8.88087,2020-02-08,2020-05-27,None,NA,NA,NA,MS148S,MS#148,NA,needs extracting ,NA,NA,NA,NA,NA,NA,NA,NA,NA,NA,NA,NA,NA,109,#1AE4B6FF,1405.220302,Yes
megasurvey,MS#161,MS#161,-82.88399,8.88293,2020-02-06,2020-03-01,None,NA,NA,NA,MS#161S,MS#161,NA,needs extracting ,NA,NA,NA,NA,NA,NA,NA,NA,NA,NA,NA,NA,NA,24,#1AE4B6FF,2293.055734,Yes
megasurvey,MS#162,SITE_51,-82.84202,8.88779,2019-10-15,2020-05-07,None,NA,NA,NA,SITE_51,MS#162,NA,extracted ,NA,NA,NA,NA,NA,NA,NA,NA,NA,NA,NA,NA,NA,205,#1AE4B6FF,939.6295397,Yes
megasurvey,MS#149,MS#149,-82.97849,8.88954,2020-02-08,2020-04-27,None,NA,NA,NA,MS149S,MS#149,NA,needs extracting ,NA,NA,NA,NA,NA,NA,NA,NA,NA,NA,NA,NA,NA,79,#1AE4B6FF,1154.421707,Yes
megasurvey,MS#164,MS#164,-82.86568,8.89283,2020-02-06,2020-05-28,None,NA,NA,NA,MS#164S,MS#164,NA,needs extracting ,NA,NA,NA,NA,NA,NA,NA,NA,NA,NA,NA,NA,NA,112,#1AE4B6FF,1665.270024,Yes
megasurvey,MS#163,SITE_50,-82.84796,8.89387,2019-09-28,2020-05-05,None,NA,NA,NA,SITE_50,MS#163,NA,extracted ,NA,NA,NA,NA,NA,NA,NA,NA,NA,NA,NA,NA,NA,220,#1AE4B6FF,939.6295397,Yes
megasurvey,MS#150,MS#150,-82.96936,8.89468,2020-02-07,2020-04-08,None,NA,NA,NA,MS#150S,MS#150,NA,needs extracting ,NA,NA,NA,NA,NA,NA,NA,NA,NA,NA,NA,NA,NA,61,#1AE4B6FF,901.5539136,Yes
megasurvey,MS#153,MS#153,-82.92624,8.89674,2020-02-14,2020-05-27,None,NA,NA,NA,MS#153S,MS#153,NA,needs extracting ,NA,NA,NA,NA,NA,NA,NA,NA,NA,NA,NA,NA,NA,103,#1AE4B6FF,2542.185897,Yes
megasurvey,MS#151,MS#151,-82.96158,8.89726,2020-02-09,2020-04-29,None,NA,NA,NA,MS#151S,MS#151,NA,needs extracting ,NA,NA,NA,NA,NA,NA,NA,NA,NA,NA,NA,NA,NA,80,#1AE4B6FF,901.5539136,Yes
megasurvey,MS#165,SITE_49,-82.85397,8.90234,2019-09-28,2020-05-04,None,NA,NA,NA,SITE_49,MS#165,NA,extracted ,NA,NA,NA,NA,NA,NA,NA,NA,NA,NA,NA,NA,NA,219,#1AE4B6FF,887.2733884,Yes
megasurvey,MS#154,MS#154,-82.95931,8.90636,2020-02-07,2020-05-27,None,NA,NA,NA,MS#154S,MS#154,NA,needs extracting ,NA,NA,NA,NA,NA,NA,NA,NA,NA,NA,NA,NA,NA,110,#1AE4B6FF,1042.15092,Yes
megasurvey,MS#166,SITE_48,-82.86007,8.90757,2020-01-14,2020-04-16,None,NA,NA,NA,SITE_48,MS#166,NA,extracted ,NA,NA,NA,NA,NA,NA,NA,NA,NA,NA,NA,NA,NA,93,#1AE4B6FF,887.2733884,Yes
megasurvey,MS#155,MS#155,-82.94038,8.91521,2020-02-07,2020-05-27,None,NA,NA,NA,MS155S,MS#155,NA,needs extracting ,NA,NA,NA,NA,NA,NA,NA,NA,NA,NA,NA,NA,NA,110,#1AE4B6FF,1782.794777,Yes
megasurvey,MS#167,SITE_47,-82.86666,8.91564,2019-09-27,2020-05-04,None,NA,NA,NA,SITE_47,MS#167,NA,extracted ,NA,NA,NA,NA,NA,NA,NA,NA,NA,NA,NA,NA,NA,220,#1AE4B6FF,1041.474005,Yes
megasurvey,MS#168,SITE_46,-82.8726,8.92294,2019-09-27,2019-11-28,None,NA,NA,NA,SITE_46,MS#168,NA,extracted ,NA,NA,NA,NA,NA,NA,NA,NA,NA,NA,NA,NA,NA,62,#1AE4B6FF,944.5091823,Yes
megasurvey,MS#170,SITE_45,-82.87703,8.93022,2019-10-04,2020-02-21,None,NA,NA,NA,SITE_45,MS#170,NA,extracted ,NA,NA,NA,NA,NA,NA,NA,NA,NA,NA,NA,NA,NA,140,#1AE4B6FF,944.5091823,Yes
megasurvey,MS#156,MS#156,-82.93623,8.93071,2020-02-07,2020-03-03,None,NA,NA,NA,MS156S,MS#156,NA,needs extracting ,NA,NA,NA,NA,NA,NA,NA,NA,NA,NA,NA,NA,NA,25,#1AE4B6FF,1447.058846,Yes
megasurvey,MS#171,SITE_44,-82.88209,8.9383,2019-09-27,2020-05-07,None,NA,NA,NA,SITE_44,MS#171,NA,extracted ,NA,NA,NA,NA,NA,NA,NA,NA,NA,NA,NA,NA,NA,223,#1AE4B6FF,877.7080835,Yes
megasurvey,MS#172,SITE_43,-82.88685,8.94464,2019-10-04,2020-05-15,None,NA,NA,NA,SITE_43,MS#172,NA,extracted ,NA,NA,NA,NA,NA,NA,NA,NA,NA,NA,NA,NA,NA,224,#1AE4B6FF,877.7080835,Yes
megasurvey,MS#173,SITE_42,-82.89481,8.94735,2019-10-04,2020-05-15,None,NA,NA,NA,SITE_42,MS#173,NA,extracted,NA,NA,NA,NA,NA,NA,NA,NA,NA,NA,NA,NA,NA,224,#1AE4B6FF,924.8166352,Yes
megasurvey,MS#174,SITE_41,-82.89794,8.95928,2019-10-07,2020-05-22,None,NA,NA,NA,SITE_41,MS#174,NA,extracted ,NA,NA,NA,NA,NA,NA,NA,NA,NA,NA,NA,NA,NA,228,#1AE4B6FF,1190.285151,Yes
megasurvey,MS#175,MS175S,-82.92136,8.96145,2020-02-09,2020-05-05,None,NA,NA,NA,MS175S,MS#175,NA,needs extracting ,NA,NA,NA,NA,NA,NA,NA,NA,NA,NA,NA,NA,NA,86,#1AE4B6FF,1641.601563,Yes
megasurvey,MS#176,SITE_40,-82.90578,8.96667,2019-10-07,2020-04-22,None,NA,NA,NA,SITE_40,MS#176,NA,extracted ,NA,NA,NA,NA,NA,NA,NA,NA,NA,NA,NA,NA,NA,198,#1AE4B6FF,1190.285151,Yes
megasurvey,MS#178,SITE_39,-82.91441,8.97452,2019-10-01,2020-05-07,None,NA,NA,NA,SITE_39,MS#178,NA,extracted ,NA,NA,NA,NA,NA,NA,NA,NA,NA,NA,NA,NA,NA,219,#1AE4B6FF,1006.4532,Yes
megasurvey,MS#179,SITE_38,-82.91911,8.98229,2019-10-01,2020-05-07,None,NA,NA,NA,SITE_38,MS#179,NA,extracted ,NA,NA,NA,NA,NA,NA,NA,NA,NA,NA,NA,NA,NA,219,#1AE4B6FF,1006.4532,Yes
megasurvey,MS#181,SITE_37,-82.92306,8.99058,2019-10-01,2020-05-07,None,NA,NA,NA,SITE_37,MS#181,NA,extracted ,NA,NA,NA,NA,NA,NA,NA,NA,NA,NA,NA,NA,NA,219,#1AE4B6FF,1015.131317,Yes
megasurvey,MS#182,SITE_36,-82.92461,8.99958,2019-10-01,2020-02-23,None,NA,NA,NA,SITE_36,MS#182,NA,extracted ,NA,NA,NA,NA,NA,NA,NA,NA,NA,NA,NA,NA,NA,145,#1AE4B6FF,1015.131317,Yes
megasurvey,MS#183,SITE_35,-82.93403,9.00392,2019-10-01,2020-05-07,None,NA,NA,NA,SITE_35,MS#183,NA,extracted ,NA,NA,NA,NA,NA,NA,NA,NA,NA,NA,NA,NA,NA,219,#1AE4B6FF,1141.576956,Yes
megasurvey,MS#184,PILA01,-82.9876,9.05387,2020-01-01,2020-09-26,None,NA,NA,NA,PILA01,MS#184,NA,extracted,NA,NA,NA,NA,NA,NA,NA,NA,NA,NA,NA,NA,NA,269,#1AE4B6FF,1022.89107,Yes
megasurvey,MS#185,PILA02,-82.98378,9.06226,2020-01-01,2020-09-26,None,NA,NA,NA,PILA02,MS#185,NA,extracted,NA,NA,NA,NA,NA,NA,NA,NA,NA,NA,NA,NA,NA,269,#1AE4B6FF,1022.89107,Yes
megasurvey,MS#186,PILA03,-82.97914,9.07037,2020-02-02,2020-09-26,None,NA,NA,NA,PILA03,MS#186,NA,extracted,NA,NA,NA,NA,NA,NA,NA,NA,NA,NA,NA,NA,NA,237,#1AE4B6FF,1035.769717,Yes
megasurvey,MS#187,PILA04,-82.9766,9.07984,2020-01-01,2020-09-26,None,NA,NA,NA,PILA04,MS#187,NA,extracted,NA,NA,NA,NA,NA,NA,NA,NA,NA,NA,NA,NA,NA,269,#1AE4B6FF,714.0598843,Yes
megasurvey,MS#188,PILA05,-82.97786,9.08614,2020-01-01,2020-09-26,None,NA,NA,NA,PILA05,MS#188,NA,extracted,NA,NA,NA,NA,NA,NA,NA,NA,NA,NA,NA,NA,NA,269,#1AE4B6FF,714.0598843,Yes
megasurvey,MS#189,PILA06,-82.97634,9.09537,2020-01-01,2020-09-26,None,NA,NA,NA,PILA06,MS#189,NA,extracted,NA,NA,NA,NA,NA,NA,NA,NA,NA,NA,NA,NA,NA,269,#1AE4B6FF,777.325385,Yes
megasurvey,MS#190,PILA07,-82.97227,9.10109,2020-01-01,2020-09-26,None,NA,NA,NA,PILA07,MS#190,NA,extracted,NA,NA,NA,NA,NA,NA,NA,NA,NA,NA,NA,NA,NA,269,#1AE4B6FF,503.1602331,Yes
megasurvey,MS#191,PILA08,-82.96771,9.10154,2020-01-01,2020-09-26,None,NA,NA,NA,PILA08,MS#191,NA,extracted,NA,NA,NA,NA,NA,NA,NA,NA,NA,NA,NA,NA,NA,269,#1AE4B6FF,503.1602331,Yes
megasurvey,MS#192,PILA09,-82.96246,9.10932,2020-01-01,2020-08-31,None,NA,NA,NA,PILA09,MS#192,NA,extracted,NA,NA,NA,NA,NA,NA,NA,NA,NA,NA,NA,NA,NA,243,#1AE4B6FF,864.4773963,Yes
megasurvey,MS#193,PILA10,-82.96339,9.11704,2020-01-01,2020-09-27,None,NA,NA,NA,PILA10,MS#193,NA,extracted,NA,NA,NA,NA,NA,NA,NA,NA,NA,NA,NA,NA,NA,270,#1AE4B6FF,864.4773963,Yes
